"Name","Price","Image-link","link"
"Высокие мужские носки темно-синего цвета в мелкий красный горошек",4.99,"https://markformelle.by/upload/resize_cache/iblock/455/500_666_0/vj5wd7qnaspmt4m2s46pb3eyvhnt5f6v.jpg","https://markformelle.by/catalog/muzhchinam/noski-man/mf-life/017k-2047-784-76643/"
"Высокие мужские носки джинсового цвета в тонкую полоску",4.99,"https://markformelle.by/upload/resize_cache/iblock/d71/500_666_0/njqcy0r1cx26t3wfyh78iz6ia3c4si5i.jpg","https://markformelle.by/catalog/muzhchinam/noski-man/mf-life/017k-2044-3533-76449/"
"Высокие мужские носки белого цвета с надписью ""Бродяга""",4.99,"https://markformelle.by/upload/resize_cache/iblock/b04/500_666_0/gs2sw13qo1nsz4vk5zw0j44pgi31fnly.jpg","https://markformelle.by/catalog/muzhchinam/noski-man/mf-life/107k-2123-52-78469/"
"Мужские высокие носки черного цвета с разноцветной надписью ""Хулиган""",4.99,"https://markformelle.by/upload/resize_cache/iblock/56a/500_666_0/i0to3ax0m16njaig8aqtvfm6kswmsfmm.jpg","https://markformelle.by/catalog/muzhchinam/noski-man/mf-life/107k-2126-930-78472/"
"Высокие мужские носки белого цвета с надписью ""Последние чистые носки""",4.99,"https://markformelle.by/upload/resize_cache/iblock/9d0/500_666_0/c5eqkwbicw1r818skidp3e6guwi82bis.jpg","https://markformelle.by/catalog/muzhchinam/noski-man/mf-life/107k-2124-52-78470/"
"Белые высокие носки унисекс с рисунком в азиатском стиле",6.49,"https://markformelle.by/upload/resize_cache/iblock/03c/500_666_0/xjjhn0s16czj4aii3of03hrap2irp8lb.jpg","https://markformelle.by/catalog/muzhchinam/noski-man/mf-life/559uf-2001-76796-74595/"
"Высокие белые носки унисекс с принтом на петербургскую тематику",4.99,"https://markformelle.by/upload/resize_cache/iblock/f46/500_666_0/sugs0xf9yf66am48xjhylkp8ka5sjgrr.jpg","https://markformelle.by/catalog/muzhchinam/noski-man/mf-life/559u-2111-52-78252/"
"Высокие носки унисекс в оттенке ""темно-серый меланж"" с надписью ",4.99,"https://markformelle.by/upload/resize_cache/iblock/e72/500_666_0/jbguzcl8vm34hz7yms4ccdhti1r2eh2u.jpg","https://markformelle.by/catalog/muzhchinam/noski-man/mf-life/559u-2098-5666-77368/"
"Мужские высокие носки черного цвета с ярким желтым прямоугольником",4.49,"https://markformelle.by/upload/resize_cache/iblock/d48/500_666_0/hwpph4h9ecqrkx859d9gu66v1ermoscv.jpg","https://markformelle.by/catalog/muzhchinam/noski-man/mf-life/107k-1916-56151-72484/"
"Высокие носки унисекс черного цвета с принтом на петербургскую тематику",4.99,"https://markformelle.by/upload/resize_cache/iblock/6a9/500_666_0/b3kzoknjh1hbjfwfd7wctrwj137boorb.jpg","https://markformelle.by/catalog/muzhchinam/noski-man/mf-life/559u-2113-930-78254/"
"Высокие носки унисекс черного цвета с принтом на петербургскую тематику",4.99,"https://markformelle.by/upload/resize_cache/iblock/d33/500_666_0/60xdsrpbnquaghd81tipfwxu6wt55k2b.jpg","https://markformelle.by/catalog/muzhchinam/noski-man/mf-life/559u-2112-930-78253/"
"Высокие носки унисекс белого цвета с петроградным Меркурием",4.99,"https://markformelle.by/upload/resize_cache/iblock/5eb/500_666_0/4vru6mv4qt6t7masa8c9xw7q370valho.jpg","https://markformelle.by/catalog/muzhchinam/noski-man/mf-life/559u-2110-52-78251/"
"Высокие мужские носки белого цвета со значком отключения звука",4.99,"https://markformelle.by/upload/resize_cache/iblock/d96/500_666_0/3njq41nao4miggnswf3q5ivgh5klwd0n.jpg","https://markformelle.by/catalog/muzhchinam/noski-man/mf-life/107k-2103-694-78281/"
"Высокие мужские носки белого цвета со значком отключения звука",4.99,"https://markformelle.by/upload/resize_cache/iblock/c97/500_666_0/mo1gnt6kko7gau79pwd2js6wdinfierg.jpg","https://markformelle.by/catalog/muzhchinam/noski-man/mf-life/107k-2103-52-78281/"
"Высокие мужские носки черного цвета с бирюзовым прямоугольником",4.49,"https://markformelle.by/upload/resize_cache/iblock/9ea/500_666_0/msg5gve0be1ebegqmkisdahc242m6bkc.jpg","https://markformelle.by/catalog/muzhchinam/noski-man/mf-life/107k-1916-64238-72484/"
"Мужские высокие носки черного цвета с салатовым прямоугольником",4.49,"https://markformelle.by/upload/resize_cache/iblock/b54/500_666_0/62ym08sju5nnp20c2a6vwhobqh693qrr.jpg","https://markformelle.by/catalog/muzhchinam/noski-man/mf-life/107k-1916-56152-72484/"
"Высокие носки унисекс в оттенке ""бежевый меланж"" с изображением кота",4.49,"https://markformelle.by/upload/resize_cache/iblock/82a/500_666_0/661vigqg0x2uav7dtkpywcv9duywulxx.jpg","https://markformelle.by/catalog/muzhchinam/noski-man/mf-life/559u-1733-5667-69922/"
"Высокие мужские носки белого цвета с изображением индикатора заряда",4.99,"https://markformelle.by/upload/resize_cache/iblock/125/500_666_0/630qbya3j95pw71bdzr2wudxkbwd6pqn.jpg","https://markformelle.by/catalog/muzhchinam/noski-man/mf-life/107k-2102-52-78280/"
"Высокие мужские носки темно-синего цвета",5.99,"https://markformelle.by/upload/resize_cache/iblock/fe3/500_666_0/cadimphm4nii00izfl74l443dtezvuvf.jpg","https://markformelle.by/catalog/muzhchinam/noski-man/mf-life/017k-1783-784-68636/"
"Носки мужские черные высокие с изображением батарейки",4.99,"https://markformelle.by/upload/resize_cache/iblock/9ec/500_666_0/zx1r0wyoy42a66ecykic3hhwvk24a86o.jpg","https://markformelle.by/catalog/muzhchinam/noski-man/mf-life/107k-2102-930-78280/"
"Белые носки унисекс с надписью на белорусском языке",4.99,"https://markformelle.by/upload/resize_cache/iblock/b2e/500_666_0/87cfvxr2nehixvsojunhfacg021j1v9m.jpg","https://markformelle.by/catalog/muzhchinam/noski-man/mf-life/561u-2094-52-77275/"
"Носки унисекс белого цвета с надписью на белорусском языке",4.99,"https://markformelle.by/upload/resize_cache/iblock/e1b/500_666_0/r65r9wbbe12nwks3vlpfryqm0a9s3nfj.jpg","https://markformelle.by/catalog/muzhchinam/noski-man/mf-life/559u-2097-52-76890/"
"Мужские носки графитовые с медведем-терминатором",4.99,"https://markformelle.by/upload/resize_cache/iblock/4dc/500_666_0/qy8qz5samj93wjanvcqh4nu5mqlsoocb.jpg","https://markformelle.by/catalog/muzhchinam/noski-man/mf-life/107k-2015-173-75078/"
"Белые носки мужские с рисунком в виде игральных костей",5.49,"https://markformelle.by/upload/resize_cache/iblock/174/500_666_0/jvnp0sruhdfihnb2pjzisolf9ui8spq6.jpg","https://markformelle.by/catalog/muzhchinam/noski-man/mf-life/107k-2011-52-75075/"
"Высокие мужские носки в технике тай-дай",6.99,"https://markformelle.by/upload/resize_cache/iblock/fe4/500_666_0/s2d9atlthz4ft3yfmpxjuzvszv9rmydq.jpg","https://markformelle.by/catalog/muzhchinam/noski-man/mf-life/129k-2008-74903-76077/"
"Высокие мужские черно-белые носки в технике деграде",6.99,"https://markformelle.by/upload/resize_cache/iblock/f2c/500_666_0/e9ftbu75nun9wd3iothcxo4lao3ivv65.jpg","https://markformelle.by/catalog/muzhchinam/noski-man/mf-life/129k-1569-77633-77634/"
"Носки унисекс белые высокие с авторским рисунком",5.49,"https://markformelle.by/upload/resize_cache/iblock/d2d/500_666_0/daau89888pjv994n4m4ro75zitm4718e.jpg","https://markformelle.by/catalog/muzhchinam/noski-man/mf-life/559u-1999-52-74171/"
"Высокие носки унисекс в оливковом цвете",4.49,"https://markformelle.by/upload/resize_cache/iblock/efb/500_666_0/fub5iyq4hwlzs8pyn26ubexgnto03x0n.jpg","https://markformelle.by/catalog/muzhchinam/noski-man/mf-life/559u-1905-65138-71596/"
"Высокие мужские носки темно-синего цвета в мелкий горошек",4.99,"https://markformelle.by/upload/resize_cache/iblock/1db/500_666_0/bxjlkuzepwdefomt9c4h1rptw90x0hnk.jpg","https://markformelle.by/catalog/muzhchinam/noski-man/mf-life/017k-1459-784-62206/"
"Высокие мужские носки белого цвета с изображением котов на скейтбордах",4.99,"https://markformelle.by/upload/resize_cache/iblock/c40/500_666_0/fr99a20pv2ofay7guzh061jq12l6cxhu.jpg","https://markformelle.by/catalog/muzhchinam/noski-man/mf-life/107k-2048-52-76203/"
"Мужские высокие носки белого цвета с надписями на белорусском",4.99,"https://markformelle.by/upload/resize_cache/iblock/82b/500_666_0/j2mmrzk6i23sievf2hrasyvfcazx0ky3.jpg","https://markformelle.by/catalog/muzhchinam/noski-man/mf-life/107k-2049-52-76190/"
"Мультипак мужских высоких носков (3 пары) белого цвета с черными полосками",14.99,"https://markformelle.by/upload/resize_cache/iblock/fbc/500_666_0/ww59xjmsya4w5br4t8w106xv4otqzay4.jpg","https://markformelle.by/catalog/muzhchinam/noski-man/mf-life/107a-573-50220-18751-3/"
"Высокие белые носки унисекс с изображением голубей-хипстеров",5.49,"https://markformelle.by/upload/resize_cache/iblock/c93/500_666_0/eh9oesnar260a9qp2za320a9amtpcmkm.jpg","https://markformelle.by/catalog/muzhchinam/noski-man/mf-life/559u-2000-52-74172/"
"Мультипак высоких мужских носков черного цвета (3 пары) с прямоугольной цветной вставкой ",12.99,"https://markformelle.by/upload/resize_cache/iblock/5b7/500_666_0/vghac6c4jq1jfrlcek9641wooec4v8cz.jpg","https://markformelle.by/catalog/muzhchinam/noski-man/mf-life/107a-1916-51755-72484-3/"
"Высокие мужские носки белого цвета с изображением зайца",4.99,"https://markformelle.by/upload/resize_cache/iblock/2b6/500_666_0/s74350j145zwx50lwccpuuhv1zehtmmx.jpg","https://markformelle.by/catalog/muzhchinam/noski-man/mf-life/107k-1915-52-72487/"
"Высокие белые носки унисекс с тестом на раздражительность ",5.49,"https://markformelle.by/upload/resize_cache/iblock/4dc/500_666_0/tmdkahnx3pdkwqwc93z1hmgzwk6hccz1.jpg","https://markformelle.by/catalog/muzhchinam/noski-man/mf-life/559u-1908-52-71468/"
"Высокие мужские носки белого цвета с изображением картошки фри",4.99,"https://markformelle.by/upload/resize_cache/iblock/1e0/500_666_0/sqv2ip9mung0xqwx2fxsd2bdq1o6pu4h.jpg","https://markformelle.by/catalog/muzhchinam/noski-man/mf-life/107k-1852-52-70108/"
"Мужские высокие носки в оттенке ""светло-серый меланж"" с изображением енотов",4.99,"https://markformelle.by/upload/resize_cache/iblock/e4f/500_666_0/2udggh9ddq03z0z81have9711s2tcje4.jpg","https://markformelle.by/catalog/muzhchinam/noski-man/mf-life/107k-1853-5542-70002/"
"Высокие белые носки унисекс с изображением кота и надписью на английском",4.99,"https://markformelle.by/upload/resize_cache/iblock/85f/500_666_0/963ns6o1zntg0exd4lpel31o8re7xyzc.jpg","https://markformelle.by/catalog/muzhchinam/noski-man/mf-life/559u-2095-52-76887/"
"Высокие мужские носки черного цвета с антибактериальной обработкой ",4.89,"https://markformelle.by/upload/resize_cache/iblock/777/500_666_0/3sgrohif7n8prz14brmm3epxt4mmjphc.jpg","https://markformelle.by/catalog/muzhchinam/noski-man/mf-life/057s-1311-930-76037/"
"Высокие мужские носки белого цвета с изображением чаек",5.49,"https://markformelle.by/upload/resize_cache/iblock/277/500_666_0/ykwbvjun6f0f83fzh8yjn0rjgabz3po5.jpg","https://markformelle.by/catalog/muzhchinam/noski-man/mf-life/107k-2016-52-75076/"
"Высокие мужские носки в оттенке ""серый меланж"" с цветными вставками",4.99,"https://markformelle.by/upload/resize_cache/iblock/e4e/500_666_0/td12ta42uuivd3kx6rwp45xkfp6dgw8j.jpg","https://markformelle.by/catalog/muzhchinam/noski-man/mf-life/107k-2014-5542-74967/"
"Мужские высокие носки белого цвета в серыми вставками",4.99,"https://markformelle.by/upload/resize_cache/iblock/0ec/500_666_0/ikfquzt29fnzychz637229shr2risd5i.jpg","https://markformelle.by/catalog/muzhchinam/noski-man/mf-life/107k-2014-52-74967/"
"Высокие мужские носки белого цвета с изображением пиццы",6.49,"https://markformelle.by/upload/resize_cache/iblock/004/500_666_0/83reewhi8upavfi8mg5kgwtzpj06sqr6.jpg","https://markformelle.by/catalog/muzhchinam/noski-man/mf-life/107k-1722-52-67809/"
"Мужские высокие носки в светло-оливковом цвете",5.45,"https://markformelle.by/upload/resize_cache/iblock/755/500_666_0/9km78hl4ecp5y8wcv8gxauq9qtgxf31s.jpg","https://markformelle.by/catalog/muzhchinam/noski-man/mf-life/107k-1663-65158-65425/"
"Высокие мужские носки темно-синего цвета с антибактериальной обработкой",4.99,"https://markformelle.by/upload/resize_cache/iblock/76e/500_666_0/10ml2gdqwun5lrvt9bcnpfxrhzw32z3j.jpg","https://markformelle.by/catalog/muzhchinam/noski-man/mf-life/057s-1311-784-76037/"
"Высокие мужские носки белого цвета с изображением такс",4.99,"https://markformelle.by/upload/resize_cache/iblock/e07/500_666_0/38c66k4d3zkw0dzzpe2t6mup0t8fe6yo.jpg","https://markformelle.by/catalog/muzhchinam/noski-man/mf-life/107k-2012-52-74966/"
"Мультипак высоких мужских носков (3 пары) белого цвета с оливковыми элементами",14.99,"https://markformelle.by/upload/resize_cache/iblock/a3c/500_666_0/dfjtib015f4vo8td4zal6rxdc900jku6.jpg","https://markformelle.by/catalog/muzhchinam/noski-man/mf-life/107a-2050-73375-76183-3/"
"Высокие мужские носки белого цвета с изображением гуся на скейтборде",4.99,"https://markformelle.by/upload/resize_cache/iblock/0f1/500_666_0/e32wfh20el7oaeoht2m9mdyup4etv59n.jpg","https://markformelle.by/catalog/muzhchinam/noski-man/mf-life/107k-2017-52-74965/"
"Высокие мужские черно-белые носки в технике фаст-дай",6.99,"https://markformelle.by/upload/resize_cache/iblock/251/500_666_0/0phou139n4gxaml9473uxm2tpzb59n0z.jpg","https://markformelle.by/catalog/muzhchinam/noski-man/mf-life/129k-1569-67979-74564/"
"Высокие мужские носки в технике фаст-дай",6.99,"https://markformelle.by/upload/resize_cache/iblock/f11/500_666_0/i1bzn6m3a4lcqtnlbn04posdl7s9wcoj.jpg","https://markformelle.by/catalog/muzhchinam/noski-man/mf-life/129k-1569-66014-74564/"
"Мультипак белых носков унисекс (3 пары) с полосами разных цветов ",14.99,"https://markformelle.by/upload/resize_cache/iblock/ffe/500_666_0/tmjfaccmf183n00mfxhfd3kol4kq4oa6.jpg","https://markformelle.by/catalog/muzhchinam/noski-man/mf-life/559ua-2035-74991-74972-3/"
"Высокие носки унисекс черно-горчичного цвета с известным певцом",4.99,"https://markformelle.by/upload/resize_cache/iblock/ed4/500_666_0/3o6lbp5mkp4rzzixa9m2uthf7emg0n03.jpg","https://markformelle.by/catalog/muzhchinam/noski-man/mf-life/559u-1946-8029-73910/"
"Мужские высокие носки черно-белого цвета со смайлами  ",4.99,"https://markformelle.by/upload/resize_cache/iblock/d27/500_666_0/qnr4ofodsh9f41qhdlmeaa8h26gv8w8c.jpg","https://markformelle.by/catalog/muzhchinam/noski-man/mf-life/107k-2013-50134-75077/"
"Мужские высокие черные носки с изображением такс",4.99,"https://markformelle.by/upload/resize_cache/iblock/1d2/500_666_0/zti6lmzht13j1qzvq51h71lrceavkv4a.jpg","https://markformelle.by/catalog/muzhchinam/noski-man/mf-life/107k-2012-930-74966/"
"Высокие носки унисекс в черном цвете с разноцветной надписью",4.99,"https://markformelle.by/upload/resize_cache/iblock/664/500_666_0/2thsphm7mzeduvb7a4872ptnmzhyulas.jpg","https://markformelle.by/catalog/muzhchinam/noski-man/mf-life/559u-1948-930-73911/"
"Высокие мужские носки в цвете капучино",5.49,"https://markformelle.by/upload/resize_cache/iblock/f78/500_666_0/k5pwhpruc8yq0xoiwkwk6042ea1jltsq.jpg","https://markformelle.by/catalog/muzhchinam/noski-man/mf-life/107k-2011-54970-75075/"
"Высокие мужские носки белого цвета с салатовым прямоугольником",4.49,"https://markformelle.by/upload/resize_cache/iblock/5f5/500_666_0/baz8xulz016t4s9iuj58mc3ha2ud5e0n.jpg","https://markformelle.by/catalog/muzhchinam/noski-man/mf-life/107k-1916-56148-72484/"
"Высокие мужские носки белого цвета с бирюзовым прямоугольником",4.49,"https://markformelle.by/upload/resize_cache/iblock/073/500_666_0/8hc5zxhymdlcuaue2byw7vrj4zigg7je.jpg","https://markformelle.by/catalog/muzhchinam/noski-man/mf-life/107k-1916-72488-72484/"
"Высокие мужские носки белого цвета с желтым прямоугольником",4.49,"https://markformelle.by/upload/resize_cache/iblock/55d/500_666_0/wlgzb55km5wdo9lmk8a4tmmbnv4fhbgy.jpg","https://markformelle.by/catalog/muzhchinam/noski-man/mf-life/107k-1916-12093-72484/"
"Высокие мужские носки ",4.49,"https://markformelle.by/upload/resize_cache/iblock/926/500_666_0/hp0v5watxn1hqk0ue537435aj8qztw1h.jpg","https://markformelle.by/catalog/muzhchinam/noski-man/mf-life/107k-1914-5542-72486/"
"Мультипак высоких мужских носков (3 пары)",12.99,"https://markformelle.by/upload/resize_cache/iblock/d5a/500_666_0/31vgk6epppgcz2hgoo0yr42gw6rx4oe3.jpg","https://markformelle.by/catalog/muzhchinam/noski-man/mf-life/107a-1916-50220-72484-3/"
"Высокие носки унисекс",4.49,"https://markformelle.by/upload/resize_cache/iblock/2c5/500_666_0/u47rkg5zy3m1jvze4yjukp98jb1q0ijy.jpg","https://markformelle.by/catalog/muzhchinam/noski-man/mf-life/559u-1905-5542-71596/"
"Классические носки унисекс",4.99,"https://markformelle.by/upload/resize_cache/iblock/4e4/500_666_0/ny36yyneiwcxyi06qa9ba03bqgnb5xee.jpg","https://markformelle.by/catalog/muzhchinam/noski-man/mf-life/559u-1946-5542-73910/"
"Классические мужские носки ",7.49,"https://markformelle.by/upload/resize_cache/iblock/f14/500_666_0/vg24plskwrp4obgdvwzlzendzr2xprly.jpg","https://markformelle.by/catalog/muzhchinam/noski-man/mf-life/107kl-1917-73105-73014/"
"Спортивные мужские носки",3.89,"https://markformelle.by/upload/resize_cache/iblock/337/500_666_0/gcj1re5hfs3vjrqlsam19dqgmqtvmt7g.jpg","https://markformelle.by/catalog/muzhchinam/noski-man/mf-life/122c-1918-52-72483/"
"Классические мужские носки",4.99,"https://markformelle.by/upload/resize_cache/iblock/b70/500_666_0/5ayosb0mjy0hqxguh32d8n3ttt832if4.jpg","https://markformelle.by/catalog/muzhchinam/noski-man/mf-life/107k-1914-52-72486/"
"Классические мужские носки ",4.49,"https://markformelle.by/upload/resize_cache/iblock/1b9/500_666_0/5e5hd34pa5a7bkvifqvjd37dog202sw8.jpg","https://markformelle.by/catalog/muzhchinam/noski-man/mf-life/107k-1915-65158-72487/"
"Высокие мужские носки ",4.99,"https://markformelle.by/upload/resize_cache/iblock/796/500_666_0/sgjuah4h3za2mt80pql6q6lbwt70f2qo.jpg","https://markformelle.by/catalog/muzhchinam/noski-man/mf-life/017k-1909-659-71547/"
"Унисекс носки с силиконовой вставкой",7.99,"https://markformelle.by/upload/resize_cache/iblock/0d2/500_666_0/4e8i1mxn67g4poufedv1m16unbalphbl.jpg","https://markformelle.by/catalog/muzhchinam/noski-man/mf-life/559un-1910-52-71466/"
"НОСКИ",7.79,"https://markformelle.by/upload/resize_cache/iblock/478/500_666_0/vh4613pxyrkjt9aljphlur3e3oo0ldb6.jpg","https://markformelle.by/catalog/muzhchinam/noski-man/mf-life/559un-1910-930-71466/"
"НОСКИ МУЖСКИЕ",5.99,"https://markformelle.by/upload/resize_cache/iblock/c50/500_666_0/7wyo1c44gl2uaxyb379lal0lcgwfw29r.jpg","https://markformelle.by/catalog/muzhchinam/noski-man/mf-life/017k-1782-8827-68635/"
"НОСКИ МУЖСКИЕ",4.49,"https://markformelle.by/upload/resize_cache/iblock/e7f/500_666_0/q6la0jxm6t8w8yj6s7au1wnlv4gpn50o.jpg","https://markformelle.by/catalog/muzhchinam/noski-man/mf-life/008m-491-694-16698/"
"НОСКИ МУЖСКИЕ",7.49,"https://markformelle.by/upload/resize_cache/iblock/67d/500_666_0/96tav1021khxwz5afvr1w1b7r41yqyo7.jpg","https://markformelle.by/catalog/muzhchinam/noski-man/mf-life/107kl-1917-73104-73014/"
"НОСКИ МУЖСКИЕ",7.49,"https://markformelle.by/upload/resize_cache/iblock/767/500_666_0/u6d7j095bqr1o2j1s87gagta1ws9hira.jpg","https://markformelle.by/catalog/muzhchinam/noski-man/mf-life/107kl-1917-73018-73014/"
"НОСКИ",4.49,"https://markformelle.by/upload/resize_cache/iblock/9ed/500_666_0/6f01xxvcspjvdpa6exwc26ouhljs0wc7.jpg","https://markformelle.by/catalog/muzhchinam/noski-man/mf-life/559u-1905-8029-71596/"
"НОСКИ МУЖСКИЕ",4.99,"https://markformelle.by/upload/resize_cache/iblock/f3c/500_666_0/r6bnc1jg3639i0lshigvyygu1snben45.jpg","https://markformelle.by/catalog/muzhchinam/noski-man/mf-life/017k-1878-8028-71220/"
"НОСКИ МУЖСКИЕ",5.49,"https://markformelle.by/upload/resize_cache/iblock/c1e/500_666_0/uhum4fp0enltjtyor71bp38pgxvknsgf.jpg","https://markformelle.by/catalog/muzhchinam/noski-man/mf-life/107k-1852-694-70108/"
"НОСКИ",5.49,"https://markformelle.by/upload/resize_cache/iblock/6e6/500_666_0/lvh7o9sn7j4mcmqccr0vyssyopz4uo3d.jpg","https://markformelle.by/catalog/muzhchinam/noski-man/mf-life/559u-1906-694-71736/"
"НОСКИ МУЖСКИЕ",5.99,"https://markformelle.by/upload/resize_cache/iblock/378/500_666_0/u9l9xkfaaennywjyy1lvugw2838w598k.jpg","https://markformelle.by/catalog/muzhchinam/noski-man/mf-life/018k-1584-5542-62822/"
"НОСКИ МУЖСКИЕ",5.49,"https://markformelle.by/upload/resize_cache/iblock/1e9/500_666_0/nsusyj8va4tmqh602efg27tlv0wh3xuu.jpg","https://markformelle.by/catalog/muzhchinam/noski-man/mf-life/107k-1870-694-71035/"
"НОСКИ МУЖСКИЕ",5.49,"https://markformelle.by/upload/resize_cache/iblock/1c9/500_666_0/fnlyzpc7bsehj95vacrxu15fb693ig39.jpg","https://markformelle.by/catalog/muzhchinam/noski-man/mf-life/023f-1536-70782-63575/"
"НОСКИ МУЖСКИЕ (3 пары)",14.99,"https://markformelle.by/upload/resize_cache/iblock/0b7/500_666_0/gcdw8jrzgdeokvi3bj0sc5zvrw3aqrpt.jpg","https://markformelle.by/catalog/muzhchinam/noski-man/mf-life/017a-1875-51756-71219-3/"
"НОСКИ МУЖСКИЕ (3 пары)",15.79,"https://markformelle.by/upload/resize_cache/iblock/4d5/500_666_0/frt69628cb5gw6hcl06gfja8rcmww2es.jpg","https://markformelle.by/catalog/muzhchinam/noski-man/mf-life/018b-1584-70862-63130-3/"
"НОСКИ МУЖСКИЕ",5.49,"https://markformelle.by/upload/resize_cache/iblock/4be/500_666_0/gf03lidedw3vqpw4lhfesd8y63pxnxis.jpg","https://markformelle.by/catalog/muzhchinam/noski-man/mf-life/107k-1870-8029-71035/"
"НОСКИ МУЖСКИЕ",4.99,"https://markformelle.by/upload/resize_cache/iblock/d5c/500_666_0/xy014sjko1ku93htqzoersyvebl3wq4j.jpg","https://markformelle.by/catalog/muzhchinam/noski-man/mf-life/107k-1872-18081-70947/"
"НОСКИ МУЖСКИЕ",4.99,"https://markformelle.by/upload/resize_cache/iblock/ce5/500_666_0/2iffoq9ybaew1ksh0vpdidqgmxnfihaw.jpg","https://markformelle.by/catalog/muzhchinam/noski-man/mf-life/107k-1871-784-70945/"
"НОСКИ",4.99,"https://markformelle.by/upload/resize_cache/iblock/f5d/500_666_0/ouplefedglwnjksuc4jxna0plhcw28o6.jpg","https://markformelle.by/catalog/muzhchinam/noski-man/mf-life/559u-1733-3566-69922/"
"НОСКИ МУЖСКИЕ",5.99,"https://markformelle.by/upload/resize_cache/iblock/847/500_666_0/ggyjhim0wbg8dby2hrg3yffm0x51rmay.jpg","https://markformelle.by/catalog/muzhchinam/noski-man/mf-life/017k-1784-4147-68637/"
"НОСКИ МУЖСКИЕ",5.49,"https://markformelle.by/upload/resize_cache/iblock/fb5/500_666_0/cx5vmbeykfbmvweogdlmk5kvhznw8zgt.jpg","https://markformelle.by/catalog/muzhchinam/noski-man/mf-life/023f-1536-70779-63575/"
"НОСКИ МУЖСКИЕ",4.89,"https://markformelle.by/upload/resize_cache/iblock/619/500_666_0/mnzijy28vt6ff851cxy2v31yqc6uwgtg.jpg","https://markformelle.by/catalog/muzhchinam/noski-man/mf-life/017b-1585-173-62821/"
"НОСКИ МУЖСКИЕ",5.49,"https://markformelle.by/upload/resize_cache/iblock/a07/500_666_0/5221rhmqnznb0dtzacraricqpctul482.jpg","https://markformelle.by/catalog/muzhchinam/noski-man/mf-life/017k-1878-784-71220/"
"НОСКИ МУЖСКИЕ",5.49,"https://markformelle.by/upload/resize_cache/iblock/7b4/500_666_0/r1c9o5gzq8hz4ln6kz8o9fm6u9ehw0ik.jpg","https://markformelle.by/catalog/muzhchinam/noski-man/mf-life/107k-1874-784-71039/"
"НОСКИ МУЖСКИЕ",5.49,"https://markformelle.by/upload/resize_cache/iblock/12d/500_666_0/pqyotelz2kjx34zq7t14wq2t1dqywlsh.jpg","https://markformelle.by/catalog/muzhchinam/noski-man/mf-life/107k-1724-65138-67811/"
"НОСКИ МУЖСКИЕ (3 пары)",15.79,"https://markformelle.by/upload/resize_cache/iblock/970/500_666_0/xr8aqioltv52btawz22w5ti88t8mzgob.jpg","https://markformelle.by/catalog/muzhchinam/noski-man/mf-life/018b-1584-70862-62822-3/"
"НОСКИ МУЖСКИЕ",5.49,"https://markformelle.by/upload/resize_cache/iblock/4ca/500_666_0/65xshvxlwms7o2vi5l6kni9dp733mybi.jpg","https://markformelle.by/catalog/muzhchinam/noski-man/mf-life/023f-1536-70783-63575/"
"НОСКИ МУЖСКИЕ",5.49,"https://markformelle.by/upload/resize_cache/iblock/79b/500_666_0/6dtr9ekp7je2nateott00w2wjkuagq9m.jpg","https://markformelle.by/catalog/muzhchinam/noski-man/mf-life/023f-1536-70780-63575/"
"НОСКИ МУЖСКИЕ",5.49,"https://markformelle.by/upload/resize_cache/iblock/59a/500_666_0/l6hm3k02p5fzpqjcmkn278s42lr2slko.jpg","https://markformelle.by/catalog/muzhchinam/noski-man/mf-life/023f-1536-62922-63575/"
"НОСКИ МУЖСКИЕ",5.49,"https://markformelle.by/upload/resize_cache/iblock/088/500_666_0/94wcn6vzdiscin0p7x8dfg8eeg4uuok9.jpg","https://markformelle.by/catalog/muzhchinam/noski-man/mf-life/023f-1536-70781-63575/"
"НОСКИ",4.99,"https://markformelle.by/upload/resize_cache/iblock/bf6/500_666_0/2u9pfx4jxu0c0ifzj0017vmlmfqtuzco.jpg","https://markformelle.by/catalog/muzhchinam/noski-man/mf-life/559u-1905-5141-71596/"
"НОСКИ МУЖСКИЕ",5.49,"https://markformelle.by/upload/resize_cache/iblock/520/500_666_0/fl0murzbd3ypu2js3x0u016wo19tklx7.jpg","https://markformelle.by/catalog/muzhchinam/noski-man/mf-life/107k-1874-930-71039/"
"НОСКИ МУЖСКИЕ",4.99,"https://markformelle.by/upload/resize_cache/iblock/194/500_666_0/grygju9rhpol1gsmxv5ktrbpyvdac0j5.jpg","https://markformelle.by/catalog/muzhchinam/noski-man/mf-life/107k-1872-930-70947/"
"НОСКИ МУЖСКИЕ",5.49,"https://markformelle.by/upload/resize_cache/iblock/ba2/500_666_0/8nv83yttnzvucv059c6lkalwzlyx61ir.jpg","https://markformelle.by/catalog/muzhchinam/noski-man/mf-life/107k-1851-5542-70112/"
"НОСКИ МУЖСКИЕ",5.49,"https://markformelle.by/upload/resize_cache/iblock/ed8/500_666_0/tx07acy99y69k2a31a40l5fiv2upq6jj.jpg","https://markformelle.by/catalog/muzhchinam/noski-man/mf-life/107k-1853-694-70002/"
"НОСКИ",4.99,"https://markformelle.by/upload/resize_cache/iblock/cf2/500_666_0/y7oky7wntc2yvuz1smwuktv1ur0adllc.jpg","https://markformelle.by/catalog/muzhchinam/noski-man/mf-life/550u-1837-784-69557/"
"НОСКИ МУЖСКИЕ",5.49,"https://markformelle.by/upload/resize_cache/iblock/ee9/500_666_0/5rnzz106jkg3bumof3vsxp1booi6wcy5.jpg","https://markformelle.by/catalog/muzhchinam/noski-man/mf-life/017k-1875-694-71219/"
"НОСКИ МУЖСКИЕ",4.39,"https://markformelle.by/upload/resize_cache/iblock/94d/500_666_0/fihvfxa4rmi1ve350wux0fuyxm7e4ykr.jpg","https://markformelle.by/catalog/muzhchinam/noski-man/mf-life/017k-1876-52792-70948/"
"НОСКИ МУЖСКИЕ",4.99,"https://markformelle.by/upload/resize_cache/iblock/6a2/500_666_0/qdhyj4sjnu7ouikly3h2s430ks6vf5ej.jpg","https://markformelle.by/catalog/muzhchinam/noski-man/mf-life/107k-1873-930-70944/"
"НОСКИ МУЖСКИЕ",5.49,"https://markformelle.by/upload/resize_cache/iblock/5d7/500_666_0/50uil7hu2kym8tps32pcp19gf96mkye3.jpg","https://markformelle.by/catalog/muzhchinam/noski-man/mf-life/107k-1851-930-70112/"
"НОСКИ МУЖСКИЕ",4.99,"https://markformelle.by/upload/resize_cache/iblock/60e/500_666_0/5bq0v3bsnqbjq07v5vrc3uf5b4a6se6t.jpg","https://markformelle.by/catalog/muzhchinam/noski-man/mf-life/107k-1873-52-70944/"
"НОСКИ МУЖСКИЕ",4.99,"https://markformelle.by/upload/resize_cache/iblock/c8b/500_666_0/ers0lntw6pfwwe55fcr5l0vm0dww493p.jpg","https://markformelle.by/catalog/muzhchinam/noski-man/mf-life/107k-1871-694-70945/"
"НОСКИ МУЖСКИЕ",3.82,"https://markformelle.by/upload/resize_cache/iblock/a59/500_666_0/karfu8nxtbur2ezlwnq4kuf8pba1xlil.jpg","https://markformelle.by/catalog/muzhchinam/noski-man/mf-life/004k-1137-300-52732/"
"НОСКИ МУЖСКИЕ",5.49,"https://markformelle.by/upload/resize_cache/iblock/806/500_666_0/c9rvk6zdhxs62knua13sfvooffxnjsna.jpg","https://markformelle.by/catalog/muzhchinam/noski-man/mf-life/017k-1877-694-71218/"
"НОСКИ МУЖСКИЕ",4.49,"https://markformelle.by/upload/resize_cache/iblock/43a/500_666_0/4j9jm6eezvvom9af05niw9sx8ex0l001.jpg","https://markformelle.by/catalog/muzhchinam/noski-man/mf-life/107k-1797-694-68634/"
"НОСКИ МУЖСКИЕ (3 пары)",13.79,"https://markformelle.by/upload/resize_cache/iblock/051/500_666_0/fmbwfqtvgw3a6hefxxoz5tpbg3rsblqt.jpg","https://markformelle.by/catalog/muzhchinam/noski-man/mf-life/004a-1135-69474-53415-3/"
"НОСКИ МУЖСКИЕ",5.99,"https://markformelle.by/upload/resize_cache/iblock/c12/500_666_0/c12e911c19c675173fc1ebe43829b466.jpg","https://markformelle.by/catalog/muzhchinam/noski-man/mf-life/018k-1781-4147-68061/"
"НОСКИ МУЖСКИЕ",5.99,"https://markformelle.by/upload/resize_cache/iblock/b67/500_666_0/b67d04bf49b6a58bcb0a5921d16473cf.jpg","https://markformelle.by/catalog/muzhchinam/noski-man/mf-life/018k-1781-930-68061/"
"НОСКИ МУЖСКИЕ (3 пары)",13.79,"https://markformelle.by/upload/resize_cache/iblock/d9e/500_666_0/d9efcf21880275a787cee8dd6d8db5a6.jpg","https://markformelle.by/catalog/muzhchinam/noski-man/mf-life/noski-muzhskie-3-pary/"
"НОСКИ",4.49,"https://markformelle.by/upload/resize_cache/iblock/6ea/500_666_0/6ea384973f986dc7d29b9c143f191afc.JPG","https://markformelle.by/catalog/muzhchinam/noski-man/mf-life/559u-1848-48891-69559/"
"НОСКИ",4.99,"https://markformelle.by/upload/resize_cache/iblock/80f/500_666_0/80f5897e017fe1b35592d6cea12b0e4b.JPG","https://markformelle.by/catalog/zhenshchinam/noski-i-kolgotki/noski-zhen/mf-life/550u-1847-173-69558/"
"НОСКИ МУЖСКИЕ",3.99,"https://markformelle.by/upload/resize_cache/iblock/f0f/500_666_0/f0fb27cfd0ceb6d218637290cc08d8df.JPG","https://markformelle.by/catalog/muzhchinam/noski-man/mf-life/001k-1815-173-69543/"
"НОСКИ МУЖСКИЕ",5.49,"https://markformelle.by/upload/resize_cache/iblock/f49/500_666_0/f49dbc21818639c1330abcafc0fb61c0.jpg","https://markformelle.by/catalog/muzhchinam/noski-man/mf-life/115k-1537-930-60756/"
"НОСКИ",5.49,"https://markformelle.by/upload/resize_cache/iblock/2a7/500_666_0/2a7b2d6e4b41917845d91c53a9d6da6e.jpg","https://markformelle.by/catalog/muzhchinam/noski-man/mf-life/550u-1857-694-70519/"
"НОСКИ",4.99,"https://markformelle.by/upload/resize_cache/iblock/f22/500_666_0/f22bb4bcd082b31b35ff67a0b377b063.JPG","https://markformelle.by/catalog/zhenshchinam/noski-i-kolgotki/noski-zhen/mf-life/550u-1837-8827-69557/"
"НОСКИ",4.99,"https://markformelle.by/upload/resize_cache/iblock/76f/500_666_0/76f3122cff98a34ab4cbf3c55f665eb7.JPG","https://markformelle.by/catalog/muzhchinam/noski-man/mf-life/550u-1836-784-69556/"
"НОСКИ МУЖСКИЕ",4.49,"https://markformelle.by/upload/resize_cache/iblock/09c/500_666_0/09c9d0b60e11d33b48b78699d5c6e614.jpg","https://markformelle.by/catalog/muzhchinam/noski-man/mf-life/107k-1738-691-68022/"
"НОСКИ МУЖСКИЕ (3 пары)",12.99,"https://markformelle.by/upload/resize_cache/iblock/bb6/500_666_0/bb6368ecdb665c33ba77535bc69baabb.jpg","https://markformelle.by/catalog/muzhchinam/noski-man/mf-life/017a-1782-68638-68635-3/"
"НОСКИ МУЖСКИЕ",6.99,"https://markformelle.by/upload/resize_cache/iblock/6b0/500_666_0/6b00fa188d95328ee39d37d0cafb08e0.jpg","https://markformelle.by/catalog/muzhchinam/noski-man/mf-life/016k-1143-8028-61510/"
"НОСКИ",4.49,"https://markformelle.by/upload/resize_cache/iblock/b08/500_666_0/b08b01a312d23bd2881df50c8eb559d7.jpg","https://markformelle.by/catalog/muzhchinam/noski-man/mf-life/559u-1731-694-68731/"
"НОСКИ МУЖСКИЕ",4.49,"https://markformelle.by/upload/resize_cache/iblock/ea1/500_666_0/ea1958dc02340c6e672004d70a35939c.jpg","https://markformelle.by/catalog/muzhchinam/noski-man/mf-life/017k-1725-8427-67812/"
"НОСКИ МУЖСКИЕ",6.99,"https://markformelle.by/upload/resize_cache/iblock/62d/500_666_0/62db010ce11bb05a32af66002b1e0552.jpg","https://markformelle.by/catalog/muzhchinam/noski-man/mf-life/016k-1143-784-61510/"
"НОСКИ МУЖСКИЕ (3 пары)",13.99,"https://markformelle.by/upload/resize_cache/iblock/0ff/500_666_0/0ff4e83a8383ff9604b1b19e39749cc3.jpg","https://markformelle.by/catalog/muzhchinam/noski-man/mf-life/018a-1781-68552-68061-3/"
"НОСКИ МУЖСКИЕ (3 пары)",14.99,"https://markformelle.by/upload/resize_cache/iblock/554/500_666_0/mn75t8mhaxw227bstm1nijry0oz7ywne.jpg","https://markformelle.by/catalog/muzhchinam/noski-man/mf-life/107a-1663-50220-65425-3/"
"НОСКИ МУЖСКИЕ (3 пары)",14.99,"https://markformelle.by/upload/resize_cache/iblock/933/500_666_0/szfz9x4lie846yzbxyztacofrnr9a2mc.jpg","https://markformelle.by/catalog/muzhchinam/noski-man/mf-life/107a-1663-58279-65425-3/"
"НОСКИ",4.99,"https://markformelle.by/upload/resize_cache/iblock/ddb/500_666_0/ddb16604765b161629c0f81a205ed496.jpg","https://markformelle.by/catalog/muzhchinam/noski-man/mf-life/555ul-1666-66827-66823/"
"НОСКИ МУЖСКИЕ",6.49,"https://markformelle.by/upload/resize_cache/iblock/04a/500_666_0/04a67ebbaa06acb50b374cc642a0096a.jpg","https://markformelle.by/catalog/muzhchinam/noski-man/mf-life/129k-1569-67977-57698/"
"НОСКИ МУЖСКИЕ",6.49,"https://markformelle.by/upload/resize_cache/iblock/9ca/500_666_0/9ca01c5902ec4de6b3cb4d810ab5f74c.jpg","https://markformelle.by/catalog/muzhchinam/noski-man/mf-life/107k-1722-694-67809/"
"НОСКИ МУЖСКИЕ",4.99,"https://markformelle.by/upload/resize_cache/iblock/d45/500_666_0/d45c7ccbfc1109364b62c8c7406a78b8.jpg","https://markformelle.by/catalog/muzhchinam/noski-man/mf-life/115k-1537-784-60756/"
"НОСКИ МУЖСКИЕ",3.99,"https://markformelle.by/upload/resize_cache/iblock/843/500_666_0/8430db36098ef95e4dbfbb188b1b1309.jpg","https://markformelle.by/catalog/muzhchinam/noski-man/mf-life/017k-1730-300-68025/"
"НОСКИ МУЖСКИЕ",5.49,"https://markformelle.by/upload/resize_cache/iblock/e3b/500_666_0/e3bd8260e965551034c62a1211224329.jpg","https://markformelle.by/catalog/muzhchinam/noski-man/mf-life/107k-1723-694-67810/"
"НОСКИ МУЖСКИЕ",4.49,"https://markformelle.by/upload/resize_cache/iblock/9dc/500_666_0/9dc7c90abfb64a33db989f6065c0fbdf.jpg","https://markformelle.by/catalog/muzhchinam/noski-man/mf-life/107k-1721-694-67813/"
"НОСКИ МУЖСКИЕ",3.89,"https://markformelle.by/upload/resize_cache/iblock/10a/500_666_0/10a8399e359a9f43dc7f8fd80c6ed125.jpg","https://markformelle.by/catalog/muzhchinam/noski-man/mf-life/018k-1728-8028-68024/"
"НОСКИ МУЖСКИЕ",5.49,"https://markformelle.by/upload/resize_cache/iblock/b65/500_666_0/b6583a23686b3fea3a33e68bc140a494.jpg","https://markformelle.by/catalog/muzhchinam/noski-man/mf-life/115k-1537-694-60756/"
"НОСКИ",3.49,"https://markformelle.by/upload/resize_cache/iblock/0e9/500_666_0/0e9be02ac9fa0a89cf60134593f795be.jpg","https://markformelle.by/catalog/muzhchinam/noski-man/mf-life/557u-1695-694-67099/"
"НОСКИ МУЖСКИЕ",5.49,"https://markformelle.by/upload/resize_cache/iblock/d98/500_666_0/d9875ef30635876364510b90186ee37e.jpg","https://markformelle.by/catalog/muzhchinam/noski-man/mf-life/110k-1671-930-65511/"
"НОСКИ МУЖСКИЕ",5.49,"https://markformelle.by/upload/resize_cache/iblock/814/500_666_0/814eebf3cd9a16bbda105bee1f68aade.jpg","https://markformelle.by/catalog/muzhchinam/noski-man/mf-life/107k-1663-694-65425/"
"НОСКИ МУЖСКИЕ",6.99,"https://markformelle.by/upload/resize_cache/iblock/1c8/500_666_0/1c815fc90b991f5f54d22ce0f98df31c.jpg","https://markformelle.by/catalog/muzhchinam/noski-man/mf-life/016k-1143-930-61510/"
"НОСКИ МУЖСКИЕ",5.39,"https://markformelle.by/upload/resize_cache/iblock/d76/500_666_0/d76e6e369efb5e0b7427a2c2300583b9.jpg","https://markformelle.by/catalog/muzhchinam/noski-man/mf-life/134c-1593-65531-66528/"
"НОСКИ МУЖСКИЕ",5.49,"https://markformelle.by/upload/resize_cache/iblock/d41/500_666_0/d41af0b622874a6f3d5a69b8c282182f.jpg","https://markformelle.by/catalog/muzhchinam/noski-man/mf-life/107k-1663-930-65425/"
"НОСКИ МУЖСКИЕ",5.49,"https://markformelle.by/upload/resize_cache/iblock/308/500_666_0/30870c7866c1f3c9e99ec11ba19b347f.jpg","https://markformelle.by/catalog/muzhchinam/noski-man/mf-life/107k-1663-5542-65425/"
"НОСКИ МУЖСКИЕ",5.49,"https://markformelle.by/upload/resize_cache/iblock/91f/500_666_0/236bivmrr3hay374c2y2q11q58cz5hrw.jpg","https://markformelle.by/catalog/muzhchinam/noski-man/mf-life/107k-1663-52-65425/"
"НОСКИ МУЖСКИЕ",2.95,"https://markformelle.by/upload/resize_cache/iblock/c0f/500_666_0/c0f9a7c9819d6083c5ff6154e448945e.jpg","https://markformelle.by/catalog/muzhchinam/noski-man/mf-life/028bas-1535-788-61489/"
"НОСКИ МУЖСКИЕ",3.99,"https://markformelle.by/upload/resize_cache/iblock/dbc/500_666_0/dbc2cece3dbd12e4cb57e7b5c94288a1.jpg","https://markformelle.by/catalog/muzhchinam/noski-man/mf-life/028bas-1535-930-61489/"
"НОСКИ МУЖСКИЕ",3.95,"https://markformelle.by/upload/resize_cache/iblock/136/500_666_0/136002ab3cd1e5857433e9146123d459.jpg","https://markformelle.by/catalog/muzhchinam/noski-man/mf-life/028bas-1535-784-61489/"
"Высокие мужские носки черного цвета с антибактериальной обработкой",4.49,"https://markformelle.by/upload/resize_cache/iblock/9f8/500_666_0/tbk117duz84bq0cnvglrsbjnmpy239ar.jpg","https://markformelle.by/catalog/muzhchinam/noski-man/mf-life/057s-1311-930-63613/"
"НОСКИ МУЖСКИЕ",5.39,"https://markformelle.by/upload/resize_cache/iblock/c3c/500_666_0/c3c32c573badd3b470317a621a7cd445.jpg","https://markformelle.by/catalog/muzhchinam/noski-man/mf-life/016k-1143-930-63613/"
"НОСКИ МУЖСКИЕ",3.99,"https://markformelle.by/upload/resize_cache/iblock/460/500_666_0/46045ae179119c03ec1a82d15ea430e4.jpg","https://markformelle.by/catalog/muzhchinam/noski-man/mf-life/020k-1386-173-58842/"
"НОСКИ МУЖСКИЕ",5.95,"https://markformelle.by/upload/resize_cache/iblock/75e/500_666_0/75e6a5796f239b921100da2a44d76de5.jpg","https://markformelle.by/catalog/muzhchinam/noski-man/mf-life/017k-1385-3533-58841/"
"НОСКИ МУЖСКИЕ",4.49,"https://markformelle.by/upload/resize_cache/iblock/7e9/500_666_0/7e9ab51dd972642a6c77cc79df25e492.jpg","https://markformelle.by/catalog/muzhchinam/noski-man/mf-life/001k-001-694-4137/"
"Мультипак высоких мужских носков (7 пар) черного цвета с разноцветными усиками",34.85,"https://markformelle.by/upload/resize_cache/iblock/c9c/500_666_0/r2g8v4lou0p6kuz3xqy4t0q2ds84i2z6.jpg","https://markformelle.by/catalog/muzhchinam/noski-man/mf-life/001g-226-62202-8027-7/"
"Высокие мужские носки темно-синего цвета с антибактериальной обработкой",4.49,"https://markformelle.by/upload/resize_cache/iblock/9bf/500_666_0/9bf50cb33c667607d19e7c3c18752215.jpg","https://markformelle.by/catalog/muzhchinam/noski-man/mf-life/057s-1311-784-63613/"
"НОСКИ МУЖСКИЕ",3.69,"https://markformelle.by/upload/resize_cache/iblock/ba0/500_666_0/ba051c817bd7a889642c77f0195c6d42.jpg","https://markformelle.by/catalog/muzhchinam/noski-man/mf-life/001k-959-5140-50690/"
"НОСКИ МУЖСКИЕ",3.79,"https://markformelle.by/upload/resize_cache/iblock/763/500_666_0/7632629f1ac53da4b0db2e0d4e814b53.jpg","https://markformelle.by/catalog/muzhchinam/noski-man/mf-life/004k-1136-314-52727/"
"НОСКИ МУЖСКИЕ",5.45,"https://markformelle.by/upload/resize_cache/iblock/705/500_666_0/70518fbb7cc7529f3a80791dcb302411.jpg","https://markformelle.by/catalog/muzhchinam/noski-man/mf-life/115k-1468-930-61560/"
"НОСКИ МУЖСКИЕ",5.45,"https://markformelle.by/upload/resize_cache/iblock/153/500_666_0/153d8d8cc4bb1348f9e90ce8633da1dd.jpg","https://markformelle.by/catalog/muzhchinam/noski-man/mf-life/115k-1468-5666-61560/"
"НОСКИ МУЖСКИЕ",5.49,"https://markformelle.by/upload/resize_cache/iblock/9a1/500_666_0/9a14644638c603197e0138c9f0a3e1e5.jpg","https://markformelle.by/catalog/muzhchinam/noski-man/mf-life/115k-1468-5542-61560/"
"НОСКИ МУЖСКИЕ",4.49,"https://markformelle.by/upload/resize_cache/iblock/a81/500_666_0/a81f07d1701bc10d7940c27c833288cf.jpg","https://markformelle.by/catalog/muzhchinam/noski-man/mf-life/001k-001-8827-4137/"
"НОСКИ МУЖСКИЕ",3.19,"https://markformelle.by/upload/resize_cache/iblock/1db/500_666_0/1db28e1537144032509b2396bd51d2a1.jpg","https://markformelle.by/catalog/muzhchinam/noski-man/mf-life/001k-001-3533-4137/"
"НОСКИ МУЖСКИЕ",5.99,"https://markformelle.by/upload/resize_cache/iblock/306/500_666_0/306a29e85ff411c882fa66b8a830281a.jpg","https://markformelle.by/catalog/muzhchinam/noski-man/mf-life/018k-1584-694-62822/"
"НОСКИ МУЖСКИЕ (3 пары)",13.79,"https://markformelle.by/upload/resize_cache/iblock/eed/500_666_0/eedaa77a8dbbbb0af258248b2b2ee776.JPG","https://markformelle.by/catalog/muzhchinam/noski-man/mf-life/004a-1135-63293-53415-3/"
"НОСКИ МУЖСКИЕ",6.49,"https://markformelle.by/upload/resize_cache/iblock/66c/500_666_0/66c723f8669d41ad91789c14b0043ba4.jpg","https://markformelle.by/catalog/muzhchinam/noski-man/mf-life/018k-1470-694-62401/"
"НОСКИ (3 пары)",10.79,"https://markformelle.by/upload/resize_cache/iblock/84d/500_666_0/84d2d6ab6c5a50418e7d7029ebdd55d1.jpg","https://markformelle.by/catalog/zhenshchinam/noski-i-kolgotki/noski-zhen/mf-life/554ub-1528-49979-60465-3/"
"НОСКИ",3.39,"https://markformelle.by/upload/resize_cache/iblock/a39/500_666_0/a39ea6debaa0c02092771c380ab5780f.jpg","https://markformelle.by/catalog/zhenshchinam/noski-i-kolgotki/noski-zhen/mf-life/553u-1447-930-59589/"
"НОСКИ МУЖСКИЕ",3.69,"https://markformelle.by/upload/resize_cache/iblock/1e3/500_666_0/1e39025ec911f482cc73e8648638332d.jpg","https://markformelle.by/catalog/muzhchinam/noski-man/mf-life/001k-001-930-4137/"
"НОСКИ МУЖСКИЕ",4.49,"https://markformelle.by/upload/resize_cache/iblock/bc9/500_666_0/bc926d370a049f66e5a18749443ec233.jpg","https://markformelle.by/catalog/muzhchinam/noski-man/mf-life/001k-001-784-4137/"
"НОСКИ МУЖСКИЕ",4.49,"https://markformelle.by/upload/resize_cache/iblock/7a7/500_666_0/7a7db2dc5d9b6d5dad9c16618feb5ac0.jpg","https://markformelle.by/catalog/muzhchinam/noski-man/mf-life/001k-001-173-4137/"
"НОСКИ МУЖСКИЕ",4.49,"https://markformelle.by/upload/resize_cache/iblock/e07/500_666_0/e07cf78b00d40b681894c56b2599435f.jpg","https://markformelle.by/catalog/muzhchinam/noski-man/mf-life/001k-001-4147-4137/"
"НОСКИ (3 пары)",10.79,"https://markformelle.by/upload/resize_cache/iblock/3ba/500_666_0/3baac2975981c949bb13e0ec51b26817.jpg","https://markformelle.by/catalog/muzhchinam/noski-man/mf-life/553ub-1450-60464-59967-3/"
"НОСКИ",4.99,"https://markformelle.by/upload/resize_cache/iblock/9b5/500_666_0/9b5b2f3cffc9d01516da1b3eb0cf802c.JPG","https://markformelle.by/catalog/muzhchinam/noski-man/mf-life/550u-1444-5542-59229/"
"НОСКИ МУЖСКИЕ (3 пары)",14.99,"https://markformelle.by/upload/resize_cache/iblock/c67/500_666_0/c6766a8ca9ab7b635caadc90053e3d30.jpg","https://markformelle.by/catalog/muzhchinam/noski-man/mf-life/115a-1468-61578-61560-3/"
"НОСКИ",3.89,"https://markformelle.by/upload/resize_cache/iblock/ffb/500_666_0/ffb1cf593db65fbd4e05d58cd4185e27.JPG","https://markformelle.by/catalog/zhenshchinam/noski-i-kolgotki/noski-zhen/mf-life/550u-1445-694-59587/"
"НОСКИ МУЖСКИЕ (3 пары)",9.79,"https://markformelle.by/upload/resize_cache/iblock/465/500_666_0/465c52190a814e2acff2ff06f7d81af8.jpg","https://markformelle.by/catalog/muzhchinam/noski-man/mf-life/004a-1135-61963-53415-3/"
"НОСКИ",3.89,"https://markformelle.by/upload/resize_cache/iblock/81f/500_666_0/81f6706db84537fff938c98843cef87e.JPG","https://markformelle.by/catalog/zhenshchinam/noski-i-kolgotki/noski-zhen/mf-life/550u-1444-41072-59229/"
"НОСКИ",3.89,"https://markformelle.by/upload/resize_cache/iblock/ae0/500_666_0/ae0243b23d53bb9c8e4ba230ee95cef4.JPG","https://markformelle.by/catalog/muzhchinam/noski-man/mf-life/550u-1445-8028-59587/"
"НОСКИ",3.89,"https://markformelle.by/upload/resize_cache/iblock/418/500_666_0/418fe71ef5671143e33a2562cd50ac7f.jpg","https://markformelle.by/catalog/muzhchinam/noski-man/mf-life/550u-1443-784-59228/"
"НОСКИ",5.99,"https://markformelle.by/upload/resize_cache/iblock/ab6/500_666_0/ab674aff37c62c93052a76316c5e90eb.JPG","https://markformelle.by/catalog/muzhchinam/noski-man/mf-life/550u-1443-930-59228/"
"НОСКИ",3.95,"https://markformelle.by/upload/resize_cache/iblock/d22/500_666_0/d229d7c228a418e66ead1a394f06e0d1.jpg","https://markformelle.by/catalog/muzhchinam/noski-man/mf-life/550u-1444-5666-59229/"
"НОСКИ МУЖСКИЕ",5.49,"https://markformelle.by/upload/resize_cache/iblock/293/500_666_0/2939c63987a51c70439a22fea34b0c7f.jpg","https://markformelle.by/catalog/muzhchinam/noski-man/mf-life/001k-1388-784-58614/"
"НОСКИ МУЖСКИЕ",3.69,"https://markformelle.by/upload/resize_cache/iblock/6e3/500_666_0/6e30ce696b76402221f42ca017b0453a.jpg","https://markformelle.by/catalog/muzhchinam/noski-man/mf-life/001k-123-173-6458/"
"НОСКИ МУЖСКИЕ",4.99,"https://markformelle.by/upload/resize_cache/iblock/e36/500_666_0/e36714bbd0bef9d8bc1d67999c55e4fb.jpg","https://markformelle.by/catalog/muzhchinam/noski-man/mf-life/115k-1537-5666-60756/"
"Укороченные мужские спортивные носки из пряжи Meryl® Skinlife белого цвета",4.39,"https://markformelle.by/upload/resize_cache/iblock/fd5/500_666_0/fd5f07435855acb4dc9c106c06a954e1.jpg","https://markformelle.by/catalog/muzhchinam/noski-man/mf-life/125c-1234-52-55053/"
"Спортивные высокие мужские носки из пряжи Coolmax® белого цвета",3.89,"https://markformelle.by/upload/resize_cache/iblock/9d0/500_666_0/9d004d6fb43bda617673ef50704bef7c.jpg","https://markformelle.by/catalog/muzhchinam/noski-man/mf-life/126c-1235-52-55054/"
"НОСКИ МУЖСКИЕ",4.45,"https://markformelle.by/upload/resize_cache/iblock/2d5/500_666_0/2d552f79f3e680c0a6762dfadff0cd73.jpg","https://markformelle.by/catalog/muzhchinam/noski-man/mf-life/008m-491-3533-16698/"
"НОСКИ МУЖСКИЕ",3.19,"https://markformelle.by/upload/resize_cache/iblock/d32/500_666_0/d32c59ecf2d586d1f8fbcf1dad5886ec.jpg","https://markformelle.by/catalog/muzhchinam/noski-man/mf-life/018k-1333-851-57230/"
"НОСКИ МУЖСКИЕ",5.99,"https://markformelle.by/upload/resize_cache/iblock/22a/500_666_0/22af9ecc8e172caa09ceff1f7bb8c6d6.jpg","https://markformelle.by/catalog/muzhchinam/noski-man/mf-life/054k-001-3533-4137/"
"НОСКИ МУЖСКИЕ",5.49,"https://markformelle.by/upload/resize_cache/iblock/81c/500_666_0/81c551f6bd7e92e4833c5accc3d66fd7.jpg","https://markformelle.by/catalog/muzhchinam/noski-man/mf-life/107k-573-52-18751/"
"НОСКИ МУЖСКИЕ",3.49,"https://markformelle.by/upload/resize_cache/iblock/45f/500_666_0/45f723c67fd7a02eeb9271e60ade6daa.jpg","https://markformelle.by/catalog/muzhchinam/noski-man/mf-life/001k-894-851-47636/"
"НОСКИ МУЖСКИЕ",3.39,"https://markformelle.by/upload/resize_cache/iblock/781/500_666_0/7817185f62736a0f4da10fe257160b04.jpg","https://markformelle.by/catalog/muzhchinam/noski-man/mf-life/018k-1163-8028-53231/"
"НОСКИ МУЖСКИЕ",4.99,"https://markformelle.by/upload/resize_cache/iblock/160/500_666_0/160e2f5b1fec92a9a8250ea6baeee811.JPG","https://markformelle.by/catalog/muzhchinam/noski-man/mf-life/001k-1138-930-52733/"
"НОСКИ МУЖСКИЕ",2.79,"https://markformelle.by/upload/resize_cache/iblock/61e/500_666_0/61eb463e0809062ce25c52eebcf7447f.jpg","https://markformelle.by/catalog/muzhchinam/noski-man/mf-life/106k-1125-5542-52383/"
"НОСКИ МУЖСКИЕ",5.49,"https://markformelle.by/upload/resize_cache/iblock/49f/500_666_0/49f4c5005e7f382252081df1e6ca69bd.jpg","https://markformelle.by/catalog/muzhchinam/noski-man/mf-life/001k-121-930-6459/"
"НОСКИ МУЖСКИЕ",3.82,"https://markformelle.by/upload/resize_cache/iblock/5bd/500_666_0/mdaq4ywj780we5v6gm5750jts1jtgufw.jpg","https://markformelle.by/catalog/muzhchinam/noski-man/mf-life/121c-1029-52-50804/"
"НОСКИ МУЖСКИЕ",2.79,"https://markformelle.by/upload/resize_cache/iblock/ae3/500_666_0/ae372dd91c997224fb7b9d8285788bfe.jpg","https://markformelle.by/catalog/muzhchinam/noski-man/mf-life/001k-031-30067-6467/"
"НОСКИ МУЖСКИЕ",4.99,"https://markformelle.by/upload/resize_cache/iblock/132/500_666_0/13250b87ffb0ea69b437e19ee2ae5349.jpg","https://markformelle.by/catalog/muzhchinam/noski-man/mf-life/012k-995-52-49620/"
"НОСКИ МУЖСКИЕ",4.99,"https://markformelle.by/upload/resize_cache/iblock/092/500_666_0/09284c29a91e182c9c0bc9eb9d07f8aa.jpg","https://markformelle.by/catalog/muzhchinam/noski-man/mf-life/001k-959-8028-50690/"
"НОСКИ МУЖСКИЕ",4.99,"https://markformelle.by/upload/resize_cache/iblock/747/500_666_0/7473a6bb8dbc44c7095fd2acfb5070f7.jpg","https://markformelle.by/catalog/muzhchinam/noski-man/mf-life/012k-995-784-49620/"
"НОСКИ МУЖСКИЕ",4.99,"https://markformelle.by/upload/resize_cache/iblock/ac3/500_666_0/ac39ad035085b4d1432024075be17c48.jpg","https://markformelle.by/catalog/muzhchinam/noski-man/mf-life/012k-995-930-49620/"
"НОСКИ МУЖСКИЕ",5.49,"https://markformelle.by/upload/resize_cache/iblock/aed/500_666_0/aed994c3752f33a76c678d7186ba8a7f.jpg","https://markformelle.by/catalog/muzhchinam/noski-man/mf-life/006k-891-784-48617/"
"НОСКИ МУЖСКИЕ",3.89,"https://markformelle.by/upload/resize_cache/iblock/44e/500_666_0/44eaff27aecbbb103030d08b6fb843af.jpg","https://markformelle.by/catalog/muzhchinam/noski-man/mf-life/25441-930-47562/"
"НОСКИ МУЖСКИЕ",4.49,"https://markformelle.by/upload/resize_cache/iblock/a0f/500_666_0/dnr4g8uqj1saaoczl36k0hb5sy275cdf.jpg","https://markformelle.by/catalog/muzhchinam/noski-man/mf-life/23626-930-5651/"
"НОСКИ МУЖСКИЕ",3.99,"https://markformelle.by/upload/resize_cache/iblock/ab9/500_666_0/ab90a0c3b682a2e4ca894574508aaddd.jpg","https://markformelle.by/catalog/muzhchinam/noski-man/mf-life/20730-8168-4137/"
"НОСКИ МУЖСКИЕ",2.49,"https://markformelle.by/upload/resize_cache/iblock/397/500_666_0/397d47ee1d9b361271a8d53723535035.jpg","https://markformelle.by/catalog/muzhchinam/noski-man/mf-life/19868-930-41428/"
"НОСКИ МУЖСКИЕ",5.49,"https://markformelle.by/upload/resize_cache/iblock/f80/500_666_0/f80687ce77de087e787c9bb68a94aabc.jpg","https://markformelle.by/catalog/muzhchinam/noski-man/mf-life/18868-930-8027/"
"НОСКИ МУЖСКИЕ",3.69,"https://markformelle.by/upload/resize_cache/iblock/258/500_666_0/25800eca35c3e16404aec00f8d2cefee.jpg","https://markformelle.by/catalog/muzhchinam/noski-man/mf-life/18852-5666-6459/"
"НОСКИ МУЖСКИЕ",4.49,"https://markformelle.by/upload/resize_cache/iblock/525/500_666_0/i0vzryi05aclqy90m0pbn3l9hhq0o0ll.jpg","https://markformelle.by/catalog/muzhchinam/noski-man/mf-life/008M-491-930-16698/"
"НОСКИ МУЖСКИЕ",5.49,"https://markformelle.by/upload/resize_cache/iblock/bbc/500_666_0/bbc67172db6fe321eb6661ce048223e3.jpg","https://markformelle.by/catalog/muzhchinam/noski-man/mf-life/18522-930-18751/"
